paper_id,title,summary,authors,authors_joined,categories,categories_joined,primary_category,published,updated,abs_url,pdf_url,age_days,summary_chars,text_for_embedding
10.22158/eltls.v8n3p21,A Multimodal Discourse Analysis of Interpersonal Meaning in New-Type Farmers' Agricultural Promotion Short Videos on Douyin,"This study selects 15 short videos published over the past year by new-type farmers (xin nong ren) on Douyin as research corpus. It adopts systemic functional grammar’s interpersonal meaning theory, visual grammar’s interactive meaning theory, and intersemiotic complementarity theory as analytical framework, using AntConc and ELAN multimodal video analysis software as research tools. This study employs both quantitative and qualitative methods to examine how agricultural promotion short videos construct interpersonal meaning through multimodal resources. The analysis focuses on three aspects, including verbal mode, visual mode, and their synergistic complementarity. According to the findings, in the verbal mode, declarative sentences account for the highest proportion in the mood system. Median-value and low-value modal expressions reach 92.8% in the modality system, which helps present information in a relative neutral and tentative manner and contributes to shaping a credible image of new-type farmers and maintaining audience trust. In the visual mode, demand image, medium close-up and medium shots, horizontal angle, and high-modality color expressions are commonly used. These visual choices effectively reduce the social distance between creators and audiences, support a more equal interpersonal relationship and encourage emotional engagement. In terms of intersemiotic complementarity between verbal and visual modes, attitudinal convergence, attitudinal divergence, and appellative reinforcement can all be observed. Among them, attitudinal convergence occurs most often, where verbal and visual elements work mutually to reinforce interpersonal meaning, improve coherence and optimize the audience’s viewing experience. This study enriches empirical research on multimodal discourse analysis in the context of agricultural promotion short videos, and provides implications for the interactive design and content production of such videos.",['Yixin Chen'],Yixin Chen,[],,uncategorized,2027-05-07,2026-05-07,https://doi.org/10.22158/eltls.v8n3p21,https://www.scholink.org/ojs/index.php/eltls/article/viewFile/57573/13483,0,1965,"Title: A Multimodal Discourse Analysis of Interpersonal Meaning in New-Type Farmers' Agricultural Promotion Short Videos on Douyin
Authors: Yixin Chen
Published: 2027-05-07
Categories: 
Summary: This study selects 15 short videos published over the past year by new-type farmers (xin nong ren) on Douyin as research corpus. It adopts systemic functional grammar’s interpersonal meaning theory, visual grammar’s interactive meaning theory, and intersemiotic complementarity theory as analytical framework, using AntConc and ELAN multimodal video analysis software as research tools. This study employs both quantitative and qualitative methods to examine how agricultural promotion short videos construct interpersonal meaning through multimodal resources. The analysis focuses on three aspects, including verbal mode, visual mode, and their synergistic complementarity. According to the findings, in the verbal mode, declarative sentences account for the highest proportion in the mood system. Median-value and low-value modal expressions reach 92.8% in the modality system, which helps present information in a relative neutral and tentative manner and contributes to shaping a credible image of new-type farmers and maintaining audience trust. In the visual mode, demand image, medium close-up and medium shots, horizontal angle, and high-modality color expressions are commonly used. These visual choices effectively reduce the social distance between creators and audiences, support a more equal interpersonal relationship and encourage emotional engagement. In terms of intersemiotic complementarity between verbal and visual modes, attitudinal convergence, attitudinal divergence, and appellative reinforcement can all be observed. Among them, attitudinal convergence occurs most often, where verbal and visual elements work mutually to reinforce interpersonal meaning, improve coherence and optimize the audience’s viewing experience. This study enriches empirical research on multimodal discourse analysis in the context of agricultural promotion short videos, and provides implications for the interactive design and content production of such videos."
10.26877/jipmat.v11i1.2279,PENGARUH MODEL PEMBELAJARAN PROBLEM BASED LEARNING BERBANTUAN MEDIA GASINGKAR TERHADAP PEMAHAMAN KONSEP GARIS SINGGUNG LINGKARAN SISWA KELAS XI SMA PGRI 2 KAYEN,"Pemahaman siswa terhadap ide-ide dasar adalah hasil yang diharapkan dari penyelidikan ini tentang kemanjuran paradigma instruksional Pembelajaran Berbasis Masalah (PBL) dengan penggunaan alat pedagogis. Pernyataan masalah riset ini adalah: 1. Apakah pendekatan pembelajaran Pembelajaran Berbasis Masalah berbantuan Media Gasingkar memengaruhi pemahaman siswa tentang gagasan garis singgung pada lingkaran? 2. Bagaimana model Pembelajaran Berbasis Masalah berbantuan media Gasingkar dibandingkan dengan paradigma pembelajaran Konvensional dalam hal pemahaman konsep? Tujuan penelitian: Berdasarkan tantangan yang diidentifikasi dan formulasinya, berikut ini adalah tujuan penelitian yang diantisipasi: 1. Menyadari bahwa pengertian garis singgung lingkaran dapat dipengaruhi oleh pendekatan pembelajaran Pembelajaran Berbasis Masalah yang dibantu oleh media Gasingkar. 2. Menyadari bahwa, dibandingkan dengan model pembelajaran Konvensional, model Pembelajaran Berbasis Masalah, dengan penggunaan media Gasingkar, meningkatkan pemahaman konseptual. Riset ini memakai pendekatan kuasi-eksperimental yang mencakup kelompok kontrol yang tidak setara. Jumlah siswa maksimum yang diikutsertakan dalam sampel riset ini adalah 32 dari kelas XI–F7 dan 31 dari kelas XI–F9. Temuan penelitian dikumpulkan. Dampak sejumlah 12,8% ditemukan oleh data penelitian pada pendekatan pembelajaran Problem Based Learning dengan penggunaan alat peraga. Temuan uji-T satu sisi kanan mendukung hasil ini, yaitu penerimaan dan penolakannya. Hal ini memperlihatkan bahwa metodologi Problem Based Learning, dengan bantuan bahan ajar, memiliki pengaruh terhadap pemahaman konseptual siswa kelas XI SMA PGRI 2 Kayen.","['Cikal Wulandari Kristi', 'Widya Kusumaningsih', 'Rizky Esti Utami']","Cikal Wulandari Kristi, Widya Kusumaningsih, Rizky Esti Utami",[],,uncategorized,2027-04-27,2026-05-03,https://doi.org/10.26877/jipmat.v11i1.2279,https://journal2.upgris.ac.id/index.php/jipmat/article/download/2279/1493,0,1687,"Title: PENGARUH MODEL PEMBELAJARAN PROBLEM BASED LEARNING BERBANTUAN MEDIA GASINGKAR TERHADAP PEMAHAMAN KONSEP GARIS SINGGUNG LINGKARAN SISWA KELAS XI SMA PGRI 2 KAYEN
Authors: Cikal Wulandari Kristi, Widya Kusumaningsih, Rizky Esti Utami
Published: 2027-04-27
Categories: 
Summary: Pemahaman siswa terhadap ide-ide dasar adalah hasil yang diharapkan dari penyelidikan ini tentang kemanjuran paradigma instruksional Pembelajaran Berbasis Masalah (PBL) dengan penggunaan alat pedagogis. Pernyataan masalah riset ini adalah: 1. Apakah pendekatan pembelajaran Pembelajaran Berbasis Masalah berbantuan Media Gasingkar memengaruhi pemahaman siswa tentang gagasan garis singgung pada lingkaran? 2. Bagaimana model Pembelajaran Berbasis Masalah berbantuan media Gasingkar dibandingkan dengan paradigma pembelajaran Konvensional dalam hal pemahaman konsep? Tujuan penelitian: Berdasarkan tantangan yang diidentifikasi dan formulasinya, berikut ini adalah tujuan penelitian yang diantisipasi: 1. Menyadari bahwa pengertian garis singgung lingkaran dapat dipengaruhi oleh pendekatan pembelajaran Pembelajaran Berbasis Masalah yang dibantu oleh media Gasingkar. 2. Menyadari bahwa, dibandingkan dengan model pembelajaran Konvensional, model Pembelajaran Berbasis Masalah, dengan penggunaan media Gasingkar, meningkatkan pemahaman konseptual. Riset ini memakai pendekatan kuasi-eksperimental yang mencakup kelompok kontrol yang tidak setara. Jumlah siswa maksimum yang diikutsertakan dalam sampel riset ini adalah 32 dari kelas XI–F7 dan 31 dari kelas XI–F9. Temuan penelitian dikumpulkan. Dampak sejumlah 12,8% ditemukan oleh data penelitian pada pendekatan pembelajaran Problem Based Learning dengan penggunaan alat peraga. Temuan uji-T satu sisi kanan mendukung hasil ini, yaitu penerimaan dan penolakannya. Hal ini memperlihatkan bahwa metodologi Problem Based Learning, dengan bantuan bahan ajar, memiliki pengaruh terhadap pemahaman konseptual siswa kelas XI SMA PGRI 2 Kayen."
10.15294/jvce.v11i2.45302,Implementation of a Deep Learning Approach with the Project Based Learning Model in the Element of Fashion Style and Design Development,"This study aims to examine the effects, improvements, and differences in the skills and work attitudes of students through the integration of a Deep Learning approach with the Project Based Learning PjBL model in the Style and Design Development element of the Fashion Design and Production subject at vocational high schools. The study employed a quasi-experimental method with a pretest posttest non-equivalent control group design. The participants consisted of 41 eleventh grade students from the Fashion Design Program at SMK Widya Praja Ungaran, including 21 students in the control class that implemented conventional PjBL and 20 students in the experimental class that implemented PjBL integrated with the Deep Learning approach. The research instruments consisted of a skills assessment rubric and a work attitude scale that had been validated by six experts using the Percentage of Agreement test. Data were analyzed using the N Gain test and the Independent Sample t Test. The findings indicate that the N Gain value of skills in the experimental class reached 65.4%, which falls within the moderate category and is higher than the control class with 53% in the less effective category. The N Gain value of work attitude in the experimental class reached 92% in the effective category, while the control class obtained 72% in the fairly effective category. The results of the t test show significant differences in skills t = 13.175, p = 0.000 &lt; 0.05 and work attitudes t = 3.212, p = 0.003 &lt; 0.05. These findings indicate that the integration of a Deep Learning approach within the PjBL model significantly improves student skills and work attitudes in vocational fashion design learning.","['Umi Chasanah Turosidah', 'Yeri Sutopo', 'Sri Endah Wahyuningsih', 'Ade Novi Nurul Ihsani']","Umi Chasanah Turosidah, Yeri Sutopo, Sri Endah Wahyuningsih, Ade Novi Nurul Ihsani",[],,uncategorized,2026-12-31,2026-03-08,https://doi.org/10.15294/jvce.v11i2.45302,https://journal.unnes.ac.id/journals/jvce/article/download/45302/8667,0,1706,"Title: Implementation of a Deep Learning Approach with the Project Based Learning Model in the Element of Fashion Style and Design Development
Authors: Umi Chasanah Turosidah, Yeri Sutopo, Sri Endah Wahyuningsih, Ade Novi Nurul Ihsani
Published: 2026-12-31
Categories: 
Summary: This study aims to examine the effects, improvements, and differences in the skills and work attitudes of students through the integration of a Deep Learning approach with the Project Based Learning PjBL model in the Style and Design Development element of the Fashion Design and Production subject at vocational high schools. The study employed a quasi-experimental method with a pretest posttest non-equivalent control group design. The participants consisted of 41 eleventh grade students from the Fashion Design Program at SMK Widya Praja Ungaran, including 21 students in the control class that implemented conventional PjBL and 20 students in the experimental class that implemented PjBL integrated with the Deep Learning approach. The research instruments consisted of a skills assessment rubric and a work attitude scale that had been validated by six experts using the Percentage of Agreement test. Data were analyzed using the N Gain test and the Independent Sample t Test. The findings indicate that the N Gain value of skills in the experimental class reached 65.4%, which falls within the moderate category and is higher than the control class with 53% in the less effective category. The N Gain value of work attitude in the experimental class reached 92% in the effective category, while the control class obtained 72% in the fairly effective category. The results of the t test show significant differences in skills t = 13.175, p = 0.000 &lt; 0.05 and work attitudes t = 3.212, p = 0.003 &lt; 0.05. These findings indicate that the integration of a Deep Learning approach within the PjBL model significantly improves student skills and work attitudes in vocational fashion design learning."
10.30656/1intech.v11i2.11359,The Influence of Servqual and Technology Acceptance Model on Maxim Customer Satisfaction,"The increasingly advanced and modern social and cultural development of society has led many people to prefer instant and practical things, such as online transportation. Digital technology has changed people's consumption patterns, including in the transportation industry. This study aims to analyze the influence of SERVQUAL and the Technology Acceptance Model (TAM) on maximizing customer satisfaction. The research employed a quantitative approach, distributing questionnaires to 400 respondents who were Maxim app users. Data analysis was performed using SPSS version 25, including validity and reliability tests, as well as multiple linear regression and path analysis. The results showed that Service Quality, Perceived Usefulness, and Perceived Ease of Use had a significant effect on Customer Satisfaction. Furthermore, Customer Satisfaction also significantly influences the intention to use. Directly, Perceived Usefulness and Service Quality were found to significantly influence Behavior intention to use, while perceived ease of use only significantly influenced behavior intention to use when mediated by customer satisfaction. These findings highlight the significance of service quality, perceived usefulness, and perceived ease of use in fostering customer satisfaction and loyalty among Maxim users.","['Achmad Fazi Alam', 'Dhany Isnaeni Dharmawan']","Achmad Fazi Alam, Dhany Isnaeni Dharmawan",[],,uncategorized,2026-12-31,2026-02-05,https://doi.org/10.30656/1intech.v11i2.11359,https://e-jurnal.lppmunsera.org/index.php/INTECH/article/download/11359/3832,0,1319,"Title: The Influence of Servqual and Technology Acceptance Model on Maxim Customer Satisfaction
Authors: Achmad Fazi Alam, Dhany Isnaeni Dharmawan
Published: 2026-12-31
Categories: 
Summary: The increasingly advanced and modern social and cultural development of society has led many people to prefer instant and practical things, such as online transportation. Digital technology has changed people's consumption patterns, including in the transportation industry. This study aims to analyze the influence of SERVQUAL and the Technology Acceptance Model (TAM) on maximizing customer satisfaction. The research employed a quantitative approach, distributing questionnaires to 400 respondents who were Maxim app users. Data analysis was performed using SPSS version 25, including validity and reliability tests, as well as multiple linear regression and path analysis. The results showed that Service Quality, Perceived Usefulness, and Perceived Ease of Use had a significant effect on Customer Satisfaction. Furthermore, Customer Satisfaction also significantly influences the intention to use. Directly, Perceived Usefulness and Service Quality were found to significantly influence Behavior intention to use, while perceived ease of use only significantly influenced behavior intention to use when mediated by customer satisfaction. These findings highlight the significance of service quality, perceived usefulness, and perceived ease of use in fostering customer satisfaction and loyalty among Maxim users."
10.51153/mf.v20.i2.709,A Moderating and mediating model of innovation performance,"Pioneer performances depend on entrepreneurial orientation for their success. This approach is crucial for converting green intellectual capital into actionable, practical innovations. Therefore, clever management techniques can accelerate and improve overall growth. Before incorporating green intellectual capital into organisational structures, managers should carefully consider its potential. The current study is based on a quantitative method, in which data were gathered from middle managers working at the Defense Housing Authority, one of the renowned construction firms in Karachi. The data were analyzed using PLS-SEM (Partial Least Squares Structural Equation Modeling). The results of the research showed that there is a significant positive relationship between green intellectual capital and entrepreneurial orientation, and between green intellectual capital and the financial and non-financial aspects of innovation performance. It also highlighted the significant role of knowledge management as a moderator between entrepreneurial orientation and innovative performance, whereas, in contrast, green self-efficacy had no moderating effect on the relationship between green intellectual capital and EO. These results have implications for management, as they can help identify specific areas of their industry that require improvement before committing significant financial resources to green intellectual capital. Furthermore, this understanding helps assess a company's readiness to apply these innovations successfully.","['Saira Naz', 'Fatima Liaquat']","Saira Naz, Fatima Liaquat",[],,uncategorized,2026-12-31,2026-05-05,https://doi.org/10.51153/mf.v20.i2.709,https://marketforcesjournal.kiet.edu.pk/index.php/marketforces/article/download/709/456,0,1541,"Title: A Moderating and mediating model of innovation performance
Authors: Saira Naz, Fatima Liaquat
Published: 2026-12-31
Categories: 
Summary: Pioneer performances depend on entrepreneurial orientation for their success. This approach is crucial for converting green intellectual capital into actionable, practical innovations. Therefore, clever management techniques can accelerate and improve overall growth. Before incorporating green intellectual capital into organisational structures, managers should carefully consider its potential. The current study is based on a quantitative method, in which data were gathered from middle managers working at the Defense Housing Authority, one of the renowned construction firms in Karachi. The data were analyzed using PLS-SEM (Partial Least Squares Structural Equation Modeling). The results of the research showed that there is a significant positive relationship between green intellectual capital and entrepreneurial orientation, and between green intellectual capital and the financial and non-financial aspects of innovation performance. It also highlighted the significant role of knowledge management as a moderator between entrepreneurial orientation and innovative performance, whereas, in contrast, green self-efficacy had no moderating effect on the relationship between green intellectual capital and EO. These results have implications for management, as they can help identify specific areas of their industry that require improvement before committing significant financial resources to green intellectual capital. Furthermore, this understanding helps assess a company's readiness to apply these innovations successfully."
10.5559/di.di.34.4.01,How do Ethical Leaders Promote Employees' Feedback-Seeking Behaviours? A Serial Mediation Model,"This study explores how ethical leadership fosters employees' feedback-seeking behaviours. Drawing on Self-Determination Theory, the research identifies intrinsic motivation and affective commitment as key mediators through which ethical leaders encourage proactive feedback-seeking. The findings reveal that ethical leadership positively influences employees' intrinsic motivation and affective commitment to the organisation, which in turn enhances their tendency to feedback – an essential behaviour in dynamic and quality-sensitive work environments such as manufacturing. To empirically test this model, a crosssectional survey was conducted among 422 employees at a large manufacturing plant in Manisa, Türkiye. The results support a serial mediation model, confirming that ethical leadership indirectly promotes feedback-seeking behaviours through increased intrinsic motivation and affective commitment.","['Wasim Ul Rehman', 'Mustafa Bekmezci', 'Lütfi Sürücü', 'Kamran Ali', 'Anam Mustansar']","Wasim Ul Rehman, Mustafa Bekmezci, Lütfi Sürücü, Kamran Ali, Anam Mustansar",[],,uncategorized,2026-12-31,2026-02-28,https://doi.org/10.5559/di.di.34.4.01,,0,911,"Title: How do Ethical Leaders Promote Employees' Feedback-Seeking Behaviours? A Serial Mediation Model
Authors: Wasim Ul Rehman, Mustafa Bekmezci, Lütfi Sürücü, Kamran Ali, Anam Mustansar
Published: 2026-12-31
Categories: 
Summary: This study explores how ethical leadership fosters employees' feedback-seeking behaviours. Drawing on Self-Determination Theory, the research identifies intrinsic motivation and affective commitment as key mediators through which ethical leaders encourage proactive feedback-seeking. The findings reveal that ethical leadership positively influences employees' intrinsic motivation and affective commitment to the organisation, which in turn enhances their tendency to feedback – an essential behaviour in dynamic and quality-sensitive work environments such as manufacturing. To empirically test this model, a crosssectional survey was conducted among 422 employees at a large manufacturing plant in Manisa, Türkiye. The results support a serial mediation model, confirming that ethical leadership indirectly promotes feedback-seeking behaviours through increased intrinsic motivation and affective commitment."
10.33425/3066-1226.1195,AI-Based Performance Analysis of Renewable Energy Systems for Sustainable Power Generation,"The growing demand for clean and reliable energy has accelerated the adoption of renewable energysystems such as solar photovoltaic and wind power technologies. However, the inherent variabilityof renewable resources poses significant challenges in performance prediction, system optimization,and reliable power generation. This study presents an artificial intelligence–based framework forperformance analysis of renewable energy systems aimed at supporting sustainable power generation.Operational and environmental data are utilized to develop machine learning models capable ofcapturing complex, nonlinear relationships between system inputs and energy output. The AI-basedapproach is evaluated against conventional analytical methods using performance indicators suchas power output, efficiency, prediction accuracy, and response time. The results demonstrate that AI-driven models significantly improve prediction accuracy, reduce analysis time, and enhance systemperformance assessment under varying operating conditions. The findings highlight the potential ofartificial intelligence to improve operational efficiency, support intelligent energy management, andstrengthen the integration of renewable energy systems into sustainable power networks.","['Vidhya G', 'Suchithra, M', 'Santhosh G', 'Anupama M']","Vidhya G, Suchithra, M, Santhosh G, Anupama M",[],,uncategorized,2026-12-30,2026-03-02,https://doi.org/10.33425/3066-1226.1195,,0,1256,"Title: AI-Based Performance Analysis of Renewable Energy Systems for Sustainable Power Generation
Authors: Vidhya G, Suchithra, M, Santhosh G, Anupama M
Published: 2026-12-30
Categories: 
Summary: The growing demand for clean and reliable energy has accelerated the adoption of renewable energysystems such as solar photovoltaic and wind power technologies. However, the inherent variabilityof renewable resources poses significant challenges in performance prediction, system optimization,and reliable power generation. This study presents an artificial intelligence–based framework forperformance analysis of renewable energy systems aimed at supporting sustainable power generation.Operational and environmental data are utilized to develop machine learning models capable ofcapturing complex, nonlinear relationships between system inputs and energy output. The AI-basedapproach is evaluated against conventional analytical methods using performance indicators suchas power output, efficiency, prediction accuracy, and response time. The results demonstrate that AI-driven models significantly improve prediction accuracy, reduce analysis time, and enhance systemperformance assessment under varying operating conditions. The findings highlight the potential ofartificial intelligence to improve operational efficiency, support intelligent energy management, andstrengthen the integration of renewable energy systems into sustainable power networks."
10.35429/ejm.2026.17.35.1.1.10,Digital marketing factors influencing Generation Z’s purchase intention in the restaurant sector: a systematic review,"This article addresses the need to understand how digital marketing influences the purchasing intentions of Generation Z, a key demographic for the restaurant industry due to its strong digital presence. While studies on digital marketing exist, few focus specifically on this generation within the restaurant sector. Therefore, the objective is to identify the digital marketing factors that impact their purchasing intentions in this specific sector. The research is based on a systematic literature review following the PRISMA methodology, using the Web of Science, Scopus, and Google databases. From the thematic analysis, three influential factors were identified: electronic Word of Mouth [eWOM], Social Media Marketing [SMM], and Social Media Influencers [SMI]. The results provide clarity on this topic within the academic field and offer recommendations for restaurants to connect with this segment.","['Iris Leandra Alfonso-Sanjul', 'Elizabeth Acosta-Gonzaga']","Iris Leandra Alfonso-Sanjul, Elizabeth Acosta-Gonzaga",[],,uncategorized,2026-12-30,2026-03-30,https://doi.org/10.35429/ejm.2026.17.35.1.1.10,,0,908,"Title: Digital marketing factors influencing Generation Z’s purchase intention in the restaurant sector: a systematic review
Authors: Iris Leandra Alfonso-Sanjul, Elizabeth Acosta-Gonzaga
Published: 2026-12-30
Categories: 
Summary: This article addresses the need to understand how digital marketing influences the purchasing intentions of Generation Z, a key demographic for the restaurant industry due to its strong digital presence. While studies on digital marketing exist, few focus specifically on this generation within the restaurant sector. Therefore, the objective is to identify the digital marketing factors that impact their purchasing intentions in this specific sector. The research is based on a systematic literature review following the PRISMA methodology, using the Web of Science, Scopus, and Google databases. From the thematic analysis, three influential factors were identified: electronic Word of Mouth [eWOM], Social Media Marketing [SMM], and Social Media Influencers [SMI]. The results provide clarity on this topic within the academic field and offer recommendations for restaurants to connect with this segment."
10.35429/jet.2026.10.21.3.1.6,Model of teaching strategies for the transition from competency-based education to a humanistic educational model for social justice at TecNM,"This study aimed to design, implement, and validate a teaching strategies model to support the transition from competency-based education to a humanistic educational model focused on social justice at TecNM. A qualitative participatory action research methodology was implemented. Results reveal positive teacher disposition toward change, improved student participation, and the integration of ethical and social dimensions into classroom practices. However, challenges related to time constraints and the need for systematic teacher training were identified. The study concludes that the transition toward a humanistic paradigm requires structured pedagogical support and institutional alignment.","['Adrián Pérez-Vázquez', 'Laura Vidal-Reyes', 'María de Lourdes Torres-Madrid', 'Yaitla Aitza Reyes-Osorio']","Adrián Pérez-Vázquez, Laura Vidal-Reyes, María de Lourdes Torres-Madrid, Yaitla Aitza Reyes-Osorio",[],,uncategorized,2026-12-30,2026-06-01,https://doi.org/10.35429/jet.2026.10.21.3.1.6,,0,698,"Title: Model of teaching strategies for the transition from competency-based education to a humanistic educational model for social justice at TecNM
Authors: Adrián Pérez-Vázquez, Laura Vidal-Reyes, María de Lourdes Torres-Madrid, Yaitla Aitza Reyes-Osorio
Published: 2026-12-30
Categories: 
Summary: This study aimed to design, implement, and validate a teaching strategies model to support the transition from competency-based education to a humanistic educational model focused on social justice at TecNM. A qualitative participatory action research methodology was implemented. Results reveal positive teacher disposition toward change, improved student participation, and the integration of ethical and social dimensions into classroom practices. However, challenges related to time constraints and the need for systematic teacher training were identified. The study concludes that the transition toward a humanistic paradigm requires structured pedagogical support and institutional alignment."
10.35429/jhrt.2026.12.27.2.1.13,Validated instrument to measure quality of work life in generation Z: A Contextualized Proposal in Tepeji del Río,"Quality of Work Life [QWL] is a key factor influencing employee well being, particularly among Generation Z, who value flexibility and work life balance. This study aimed to design and validate an instrument to assess QWL among young workers in Tepeji del Río using the Delphi methodology to ensure methodological rigor. Seven experts in human resources and occupational psychology participated in two Delphi rounds, assessing each item for relevance, clarity, representativeness, pertinence, and ambiguity. Item-level content validity indices [I-CVI] exceeded 0.78, with a scale-level average [S-CVI/Ave] of 0.98. The iterative feedback process refined linguistic and conceptual precision, resulting in a valid and reliable instrument for future quantitative research on quality of work life in local contexts.","['Paola Gizeth Jiménez-Fabian', 'Magda Gabriela Sánchez-Trujillo']","Paola Gizeth Jiménez-Fabian, Magda Gabriela Sánchez-Trujillo",[],,uncategorized,2026-12-30,2026-03-30,https://doi.org/10.35429/jhrt.2026.12.27.2.1.13,,0,811,"Title: Validated instrument to measure quality of work life in generation Z: A Contextualized Proposal in Tepeji del Río
Authors: Paola Gizeth Jiménez-Fabian, Magda Gabriela Sánchez-Trujillo
Published: 2026-12-30
Categories: 
Summary: Quality of Work Life [QWL] is a key factor influencing employee well being, particularly among Generation Z, who value flexibility and work life balance. This study aimed to design and validate an instrument to assess QWL among young workers in Tepeji del Río using the Delphi methodology to ensure methodological rigor. Seven experts in human resources and occupational psychology participated in two Delphi rounds, assessing each item for relevance, clarity, representativeness, pertinence, and ambiguity. Item-level content validity indices [I-CVI] exceeded 0.78, with a scale-level average [S-CVI/Ave] of 0.98. The iterative feedback process refined linguistic and conceptual precision, resulting in a valid and reliable instrument for future quantitative research on quality of work life in local contexts."
10.35429/jhrt.2026.12.27.3.1.5,"Analysis of leadership in small family businesses in the municipality of Centro, Tabasco, to generate a development model","Small family businesses are key players in regional economic development. In the municipality of Centro, Tabasco, these organizations face challenges related to business management, generational succession, and adaptation to competitive environments. In this scenario, leadership is a strategic factor in strengthening productivity, decision-making, and organizational sustainability. The objective of this study is to analyze the characteristics of leadership in small family businesses in order to propose a business development model that strengthens this sector. The research adopts a qualitative exploratory-descriptive approach through interviews with owners and managers. The results show that leadership is linked to the founder's experience, family values, and centralized decision-making, providing an opportunity to professionalize management","['Karen Daheli Madrigal-Pérez', 'Leticia López-Valdivieso', 'David Antonio García-Reyes', 'Jucelly Castro-De la Cruz']","Karen Daheli Madrigal-Pérez, Leticia López-Valdivieso, David Antonio García-Reyes, Jucelly Castro-De la Cruz",[],,uncategorized,2026-12-30,2026-04-23,https://doi.org/10.35429/jhrt.2026.12.27.3.1.5,,0,853,"Title: Analysis of leadership in small family businesses in the municipality of Centro, Tabasco, to generate a development model
Authors: Karen Daheli Madrigal-Pérez, Leticia López-Valdivieso, David Antonio García-Reyes, Jucelly Castro-De la Cruz
Published: 2026-12-30
Categories: 
Summary: Small family businesses are key players in regional economic development. In the municipality of Centro, Tabasco, these organizations face challenges related to business management, generational succession, and adaptation to competitive environments. In this scenario, leadership is a strategic factor in strengthening productivity, decision-making, and organizational sustainability. The objective of this study is to analyze the characteristics of leadership in small family businesses in order to propose a business development model that strengthens this sector. The research adopts a qualitative exploratory-descriptive approach through interviews with owners and managers. The results show that leadership is linked to the founder's experience, family values, and centralized decision-making, providing an opportunity to professionalize management"
10.54288/yotantsipanko.v5i2.57,Modelo organizacional para la articulación entre proyección social y responsabilidad social universitaria en universidades públicas peruanas.,"El estudio analiza la pertinencia técnica y normativa deimplementar una Dirección de Responsabilidad SocialUniversitaria (DRSU) en universidades públicas peruanas, asícomo su posible articulación o fusión con la actual Dirección deProyección Social y Cultural (DPSC). A partir del SistemaNacional de Planeamiento Estratégico y los lineamientos delSistema Nacional de Modernización, se identificó unasuperposición funcional entre ambas áreas institucionales. Lainvestigación utilizó un análisis documental comparativo deestructuras orgánicas en 18 universidades públicas,complementado con la revisión de literatura relevante en losúltimos cinco años. Los resultados muestran que es viable crearuna DRSU adscrita al Vicerrectorado Académico como unidadestratégica transversal, o fusionarla con la DPSC dentro de unamacroestructura integrada denominada Dirección General deVinculación y Responsabilidad Social. El análisis de procesosevidenció duplicidades en programas de extensión, actividadesculturales y acciones de vinculación comunitaria. Asimismo, sedesarrolló un modelo organizacional estandarizado que optimizarecursos, reduce redundancias y fortalece la coherenciainstitucional. Se concluye que un enfoque de gestión porprocesos favorece la articulación entre proyección social yresponsabilidad social, permitiendo una actuación universitariamás alineada al entorno social y a las exigencias de calidadeducativa.",['Saúl Morán Cusi'],Saúl Morán Cusi,[],,uncategorized,2026-12-30,2026-02-17,https://doi.org/10.54288/yotantsipanko.v5i2.57,https://revistas.uniscjsa.edu.pe/index.php/Yotantsipanko/article/download/57/72,0,1419,"Title: Modelo organizacional para la articulación entre proyección social y responsabilidad social universitaria en universidades públicas peruanas.
Authors: Saúl Morán Cusi
Published: 2026-12-30
Categories: 
Summary: El estudio analiza la pertinencia técnica y normativa deimplementar una Dirección de Responsabilidad SocialUniversitaria (DRSU) en universidades públicas peruanas, asícomo su posible articulación o fusión con la actual Dirección deProyección Social y Cultural (DPSC). A partir del SistemaNacional de Planeamiento Estratégico y los lineamientos delSistema Nacional de Modernización, se identificó unasuperposición funcional entre ambas áreas institucionales. Lainvestigación utilizó un análisis documental comparativo deestructuras orgánicas en 18 universidades públicas,complementado con la revisión de literatura relevante en losúltimos cinco años. Los resultados muestran que es viable crearuna DRSU adscrita al Vicerrectorado Académico como unidadestratégica transversal, o fusionarla con la DPSC dentro de unamacroestructura integrada denominada Dirección General deVinculación y Responsabilidad Social. El análisis de procesosevidenció duplicidades en programas de extensión, actividadesculturales y acciones de vinculación comunitaria. Asimismo, sedesarrolló un modelo organizacional estandarizado que optimizarecursos, reduce redundancias y fortalece la coherenciainstitucional. Se concluye que un enfoque de gestión porprocesos favorece la articulación entre proyección social yresponsabilidad social, permitiendo una actuación universitariamás alineada al entorno social y a las exigencias de calidadeducativa."
10.62872/sza4qm30,Increasing Awareness of the Younger Generation on Political Participation in General Elections,"General elections are the main pillars of Indonesian democracy as stipulated in Article 27 of the 1945 Constitution of the Republic of Indonesia and Law Number 7 of 2017 concerning General Elections. The younger generation, which makes up about 55% of the total electorate, has a strategic role in determining the political direction of the nation. However, the phenomenon of political apathy and white groups (golput) among the younger generation shows a low awareness of their constitutional rights and obligations. This research aims to analyze efforts to increase the political awareness of the younger generation through political education and legal socialization. The method used is counseling and mentoring activities for students of SMK Negeri 8 Information and Communication Technology Jayapura on July 25, 2025. The results of the study show that systematic and comprehensive political education is able to increase the understanding of the younger generation about the importance of participation in elections, the right to vote as citizens, as well as the dangers of politicization and irrational mobilization. In conclusion, increasing the political awareness of the younger generation requires synergy between election organizers, the government, and educational institutions to form rational, critical, and actively participating voters in the democratic process.","['Marudut Hasugian', 'Firman', 'Muhamad Sofian']","Marudut Hasugian, Firman, Muhamad Sofian",[],,uncategorized,2026-12-30,2026-04-02,https://doi.org/10.62872/sza4qm30,https://ejournal-nawalaedu.com/index.php/IJJ/article/download/2480/3423,0,1379,"Title: Increasing Awareness of the Younger Generation on Political Participation in General Elections
Authors: Marudut Hasugian, Firman, Muhamad Sofian
Published: 2026-12-30
Categories: 
Summary: General elections are the main pillars of Indonesian democracy as stipulated in Article 27 of the 1945 Constitution of the Republic of Indonesia and Law Number 7 of 2017 concerning General Elections. The younger generation, which makes up about 55% of the total electorate, has a strategic role in determining the political direction of the nation. However, the phenomenon of political apathy and white groups (golput) among the younger generation shows a low awareness of their constitutional rights and obligations. This research aims to analyze efforts to increase the political awareness of the younger generation through political education and legal socialization. The method used is counseling and mentoring activities for students of SMK Negeri 8 Information and Communication Technology Jayapura on July 25, 2025. The results of the study show that systematic and comprehensive political education is able to increase the understanding of the younger generation about the importance of participation in elections, the right to vote as citizens, as well as the dangers of politicization and irrational mobilization. In conclusion, increasing the political awareness of the younger generation requires synergy between election organizers, the government, and educational institutions to form rational, critical, and actively participating voters in the democratic process."
10.59568/jasic-2025-6-2-06,5G and Beyond: IoT Support in Next-Generation Networks,"The arrival of 5G signals the beginning of a new era of connectivity, one that has the potential to transform many sectors. The promotion of the Internet of Things (IoT), which is a vast network of interconnected devices, is central to this transformation. This article looks at the potential of 5G and its future iterations to facilitate the smooth integration of IoT, addresses the main issues and looks at future developments. It highlights the key characteristics of 5G that make it a perfect platform for the IoT, including Ultra Low Latency (ULT), enhanced Mobile Broadband (eMBB), as well as Massive Machine-to-Machine (mMTC) Communication. The paper further looks at the role of network slicing in customizing network resources to meet the specific needs of various Internet of Things applications. The paper concludes by looking at the possibilities of 6G and other technologies in enhancing the Internet of Things through advanced innovations such as artificial intelligence.","['Ya’u Nuhu', 'Mukhtar Shehu', 'Mohammed Maikolo', 'Mukhtar Musa Zakari']","Ya’u Nuhu, Mukhtar Shehu, Mohammed Maikolo, Mukhtar Musa Zakari",[],,uncategorized,2026-12-29,2026-05-06,https://doi.org/10.59568/jasic-2025-6-2-06,,0,985,"Title: 5G and Beyond: IoT Support in Next-Generation Networks
Authors: Ya’u Nuhu, Mukhtar Shehu, Mohammed Maikolo, Mukhtar Musa Zakari
Published: 2026-12-29
Categories: 
Summary: The arrival of 5G signals the beginning of a new era of connectivity, one that has the potential to transform many sectors. The promotion of the Internet of Things (IoT), which is a vast network of interconnected devices, is central to this transformation. This article looks at the potential of 5G and its future iterations to facilitate the smooth integration of IoT, addresses the main issues and looks at future developments. It highlights the key characteristics of 5G that make it a perfect platform for the IoT, including Ultra Low Latency (ULT), enhanced Mobile Broadband (eMBB), as well as Massive Machine-to-Machine (mMTC) Communication. The paper further looks at the role of network slicing in customizing network resources to meet the specific needs of various Internet of Things applications. The paper concludes by looking at the possibilities of 6G and other technologies in enhancing the Internet of Things through advanced innovations such as artificial intelligence."
10.62523/aksarashofa.6,"MANAJEMEN DIKLAT TRANSFORMATIF: Model, Strategi, Dan Implementasi Dalam Kerangka Merdeka Belajar–Kampus Merdeka","Buku Manajemen Diklat Transformatif: Model, Strategi, dan Implementasi dalam Kerangka Merdeka Belajar–Kampus Merdeka disusun untuk memberikan pemahaman komprehensif mengenai manajemen pendidikan dan pelatihan (diklat) sebagai proses pembelajaran yang tidak hanya bersifat teknis dan administratif, tetapi juga berorientasi pada pengembangan manusia secara utuh. Buku ini menempatkan diklat sebagai instrumen strategis dalam menjawab tantangan pendidikan abad ke-21 yang ditandai oleh dinamika sosial, kemajuan teknologi, serta tuntutan dunia kerja yang semakin kompleks. Pembahasan dalam buku ini menekankan pentingnya pengembangan keterampilan abad ke-21—meliputi berpikir kritis, kreativitas, kolaborasi, dan komunikasi—melalui desain pembelajaran yang berpusat pada peserta, berbasis pengalaman, dan kontekstual. Selain itu, buku ini menggarisbawahi peran kolaboratif aktor pendidikan, yaitu dosen, mahasiswa, dan peserta didik, dalam menciptakan sistem diklat yang partisipatif, reflektif, dan berkelanjutan. Dalam kaitannya dengan kebijakan Merdeka Belajar–Kampus Merdeka (MBKM), buku ini menunjukkan relevansi manajemen diklat sebagai jembatan antara dunia akademik dan realitas sosial melalui program-program pembelajaran kontekstual dan pengabdian kepada masyarakat. Puncak kajian buku ini adalah perumusan Model Manajemen Diklat Transformatif yang disusun berdasarkan landasan filosofis, teoretis, dan empiris, serta dirancang sebagai siklus pembelajaran berkelanjutan yang mencakup analisis kebutuhan, perencanaan, pelaksanaan, monitoring, evaluasi, dan refleksi. Secara keseluruhan, buku ini menawarkan pendekatan manajemen diklat yang transformatif dan kontekstual sebagai upaya strategis untuk meningkatkan kualitas pendidikan dan pelatihan. Buku ini diharapkan menjadi rujukan akademik dan praktis bagi mahasiswa, dosen, pengelola diklat, serta pemangku kepentingan pendidikan dalam mengembangkan program diklat yang bermakna, adaptif, dan berkelanjutan.","['Mohammad Zaini', 'Dani Hermawan', 'Jufriyanto Jufriyanto']","Mohammad Zaini, Dani Hermawan, Jufriyanto Jufriyanto",[],,uncategorized,2026-12-21,2026-01-21,https://doi.org/10.62523/aksarashofa.6,,0,1968,"Title: MANAJEMEN DIKLAT TRANSFORMATIF: Model, Strategi, Dan Implementasi Dalam Kerangka Merdeka Belajar–Kampus Merdeka
Authors: Mohammad Zaini, Dani Hermawan, Jufriyanto Jufriyanto
Published: 2026-12-21
Categories: 
Summary: Buku Manajemen Diklat Transformatif: Model, Strategi, dan Implementasi dalam Kerangka Merdeka Belajar–Kampus Merdeka disusun untuk memberikan pemahaman komprehensif mengenai manajemen pendidikan dan pelatihan (diklat) sebagai proses pembelajaran yang tidak hanya bersifat teknis dan administratif, tetapi juga berorientasi pada pengembangan manusia secara utuh. Buku ini menempatkan diklat sebagai instrumen strategis dalam menjawab tantangan pendidikan abad ke-21 yang ditandai oleh dinamika sosial, kemajuan teknologi, serta tuntutan dunia kerja yang semakin kompleks. Pembahasan dalam buku ini menekankan pentingnya pengembangan keterampilan abad ke-21—meliputi berpikir kritis, kreativitas, kolaborasi, dan komunikasi—melalui desain pembelajaran yang berpusat pada peserta, berbasis pengalaman, dan kontekstual. Selain itu, buku ini menggarisbawahi peran kolaboratif aktor pendidikan, yaitu dosen, mahasiswa, dan peserta didik, dalam menciptakan sistem diklat yang partisipatif, reflektif, dan berkelanjutan. Dalam kaitannya dengan kebijakan Merdeka Belajar–Kampus Merdeka (MBKM), buku ini menunjukkan relevansi manajemen diklat sebagai jembatan antara dunia akademik dan realitas sosial melalui program-program pembelajaran kontekstual dan pengabdian kepada masyarakat. Puncak kajian buku ini adalah perumusan Model Manajemen Diklat Transformatif yang disusun berdasarkan landasan filosofis, teoretis, dan empiris, serta dirancang sebagai siklus pembelajaran berkelanjutan yang mencakup analisis kebutuhan, perencanaan, pelaksanaan, monitoring, evaluasi, dan refleksi. Secara keseluruhan, buku ini menawarkan pendekatan manajemen diklat yang transformatif dan kontekstual sebagai upaya strategis untuk meningkatkan kualitas pendidikan dan pelatihan. Buku ini diharapkan menjadi rujukan akademik dan praktis bagi mahasiswa, dosen, pengelola diklat, serta pemangku kepentingan pendidikan dalam mengembangkan program diklat yang bermakna, adaptif, dan berkelanjutan."
10.22363/2312-8143-2026-27-1-70-80,Factors Influencing the Formation of Augmented Reality Systems,"This study identifies and analyzes the factors influencing the formation, functioning, usability, and efficiency of augmented reality (AR) systems. The first group of factors is determined by the technical characteristics of the system and the information infrastructure. The quality of the sensors determines the degree of detail and reliability of the initial data; devices with low accuracy can cause delays, drift, or jitter, which negatively affect the stability of the virtual object. Accurate positioning and tracking depend on GPS signals, visual-inertial odometry, or marker-based systems that can be affected by multichannel interference, signal jamming, or sensor noise, resulting in a mismatch between the physical and virtual worlds. Network bandwidth limitations affect real-time data streaming, cloud rendering, and multi-user synchronization, and unreliable connections result in skips or delays. The second group of factors refers to environmental conditions. Fluctuations in lighting can cause noise, decrease contrast, and disrupt object detection algorithms, which require the use of reliable computer vision techniques. This study proposes a solution to problems that improves the quality of augmented reality content and is key to the creation and development of AR systems.","['Larisa V. Kruglova', 'Fafa K. Ceesay', 'Rokhaya Samb']","Larisa V. Kruglova, Fafa K. Ceesay, Rokhaya Samb",[],,uncategorized,2026-12-15,2026-04-13,https://doi.org/10.22363/2312-8143-2026-27-1-70-80,https://journals.rudn.ru/engineering-researches/article/viewFile/49751/26911,0,1296,"Title: Factors Influencing the Formation of Augmented Reality Systems
Authors: Larisa V. Kruglova, Fafa K. Ceesay, Rokhaya Samb
Published: 2026-12-15
Categories: 
Summary: This study identifies and analyzes the factors influencing the formation, functioning, usability, and efficiency of augmented reality (AR) systems. The first group of factors is determined by the technical characteristics of the system and the information infrastructure. The quality of the sensors determines the degree of detail and reliability of the initial data; devices with low accuracy can cause delays, drift, or jitter, which negatively affect the stability of the virtual object. Accurate positioning and tracking depend on GPS signals, visual-inertial odometry, or marker-based systems that can be affected by multichannel interference, signal jamming, or sensor noise, resulting in a mismatch between the physical and virtual worlds. Network bandwidth limitations affect real-time data streaming, cloud rendering, and multi-user synchronization, and unreliable connections result in skips or delays. The second group of factors refers to environmental conditions. Fluctuations in lighting can cause noise, decrease contrast, and disrupt object detection algorithms, which require the use of reliable computer vision techniques. This study proposes a solution to problems that improves the quality of augmented reality content and is key to the creation and development of AR systems."
10.22363/2687-0088-46513,"Language and gender: Linguistic, social and ethical paradoxes of inclusive communication","Contemporary scholarly discourse on gender-inclusive communication remains predominantly descriptive, often avoiding a systematic critical analysis of its internal contradictions and social consequences. However, the growing social tension around new linguistic norms, their ideologization, and direct impact on public institutions demand unbiased examination. The aim of this article is to identify and analyze the key paradoxes generated by gender-inclusive communication, which persist despite its proclaimed goals of equality and respect. The research material comprises English-language texts of various genres and styles, including scholarly articles, media publications, documents from university websites, healthcare institutions, governmental, non-governmental, and commercial organizations, as well as data from blogs and social networks from the period 2017 to 2025. This allowed us to examine gender-inclusive communication both in the sphere of academic reflection and within the context of public practice. The methodological framework is based on critical discourse analysis, which interprets linguistic changes as a struggle for power, and Lotman’s theory of the semiosphere, which views inclusive language as a phenomenon of cultural dynamics. The study establishes that inclusive communication generates a complex of systemic contradictions across different dimensions: linguistic (between the striving to erase and simultaneously multiply gender differences, leading to semantic tautology and a violation of linguistic conventionality); social (where inclusivity in practice becomes a tool for excluding dissenting voices and marginalizing the experiences of traditional groups); ethical (encompassing the conflict between the ideology of self-identification and biological realities, as well as the imposition of Anglo-centric models onto other linguacultures). Interpreting the results through the chosen methodological lens reveals that inclusive language functions not only as a discourse of power but also as a tool of auto-communication, aimed at redefining the core of the cultural semiosphere and consolidating a “progressive” identity. The findings open perspectives for comparative studies on the reception of inclusive practices in different linguacultures and for interdisciplinary research into the long-term social effects of linguistic reform.",['Elena S. Gritsenko'],Elena S. Gritsenko,[],,uncategorized,2026-12-15,2026-05-05,https://doi.org/10.22363/2687-0088-46513,https://journals.rudn.ru/linguistics/article/viewFile/50066/26995,0,2377,"Title: Language and gender: Linguistic, social and ethical paradoxes of inclusive communication
Authors: Elena S. Gritsenko
Published: 2026-12-15
Categories: 
Summary: Contemporary scholarly discourse on gender-inclusive communication remains predominantly descriptive, often avoiding a systematic critical analysis of its internal contradictions and social consequences. However, the growing social tension around new linguistic norms, their ideologization, and direct impact on public institutions demand unbiased examination. The aim of this article is to identify and analyze the key paradoxes generated by gender-inclusive communication, which persist despite its proclaimed goals of equality and respect. The research material comprises English-language texts of various genres and styles, including scholarly articles, media publications, documents from university websites, healthcare institutions, governmental, non-governmental, and commercial organizations, as well as data from blogs and social networks from the period 2017 to 2025. This allowed us to examine gender-inclusive communication both in the sphere of academic reflection and within the context of public practice. The methodological framework is based on critical discourse analysis, which interprets linguistic changes as a struggle for power, and Lotman’s theory of the semiosphere, which views inclusive language as a phenomenon of cultural dynamics. The study establishes that inclusive communication generates a complex of systemic contradictions across different dimensions: linguistic (between the striving to erase and simultaneously multiply gender differences, leading to semantic tautology and a violation of linguistic conventionality); social (where inclusivity in practice becomes a tool for excluding dissenting voices and marginalizing the experiences of traditional groups); ethical (encompassing the conflict between the ideology of self-identification and biological realities, as well as the imposition of Anglo-centric models onto other linguacultures). Interpreting the results through the chosen methodological lens reveals that inclusive language functions not only as a discourse of power but also as a tool of auto-communication, aimed at redefining the core of the cultural semiosphere and consolidating a “progressive” identity. The findings open perspectives for comparative studies on the reception of inclusive practices in different linguacultures and for interdisciplinary research into the long-term social effects of linguistic reform."
10.22363/2687-0088-47921,Legitimacy of varieties of English as a non-native language,"The article discusses the status of varieties of a pluricentric language, such as Russian English, Chinese English, among others. Some linguists waive this status because the language system of these varieties is not based on their own norms but is grounded on the norms of other varieties, either British or American. However, speakers of these varieties use them as lingua francas for communication and their Englishes are easily recognized as non-British or non-American, i.e., their varieties serve for linguacultural identification of the users. This is due to the fact that each variety is underpinned by the users’ culture and mindset and reflects traces of the users’ native languages, which allows us to make a conclusion that local varieties are not bound to the “political map” of the region (one of the critical arguments against world Englishes) but they are associated with their ethnic cultures. The article is an analytical review of the debatable issues of the World Englishes paradigm, English as a Lingua Franca theory, and English as an International Language concept. It aims to reveal factors that make it possible to recognize Expanding Circle varieties, to state the major features and functions of Russian English. The author focuses on some practical textbooks aimed at teaching world Englishes and their cultures. The method of corpus analysis of Russian English was used. Quantitative and comparative analysis of research articles in the leading sociolinguistic journals ( World Englishes and English Today ) was conducted to reveal the overwhelming predominance of Chinese English research as compared with that of Russian English. The author concludes that world Englishes of the Expanding Circle are legitimate varieties that have variable exonorms. Certain trends for their endonorms to start forming are revealed.",['Zoya G. Proshina'],Zoya G. Proshina,[],,uncategorized,2026-12-15,2026-05-06,https://doi.org/10.22363/2687-0088-47921,https://journals.rudn.ru/linguistics/article/viewFile/50067/26996,0,1846,"Title: Legitimacy of varieties of English as a non-native language
Authors: Zoya G. Proshina
Published: 2026-12-15
Categories: 
Summary: The article discusses the status of varieties of a pluricentric language, such as Russian English, Chinese English, among others. Some linguists waive this status because the language system of these varieties is not based on their own norms but is grounded on the norms of other varieties, either British or American. However, speakers of these varieties use them as lingua francas for communication and their Englishes are easily recognized as non-British or non-American, i.e., their varieties serve for linguacultural identification of the users. This is due to the fact that each variety is underpinned by the users’ culture and mindset and reflects traces of the users’ native languages, which allows us to make a conclusion that local varieties are not bound to the “political map” of the region (one of the critical arguments against world Englishes) but they are associated with their ethnic cultures. The article is an analytical review of the debatable issues of the World Englishes paradigm, English as a Lingua Franca theory, and English as an International Language concept. It aims to reveal factors that make it possible to recognize Expanding Circle varieties, to state the major features and functions of Russian English. The author focuses on some practical textbooks aimed at teaching world Englishes and their cultures. The method of corpus analysis of Russian English was used. Quantitative and comparative analysis of research articles in the leading sociolinguistic journals ( World Englishes and English Today ) was conducted to reveal the overwhelming predominance of Chinese English research as compared with that of Russian English. The author concludes that world Englishes of the Expanding Circle are legitimate varieties that have variable exonorms. Certain trends for their endonorms to start forming are revealed."
10.22363/2687-0088-48784,"Systemic functional linguistics and social cognition: A theoretical approach to the relationship between language, society and culture","In this article, I argue in favor of strengthening the relationship between Systemic Functional Linguistics (SFL) and Social Cognition in order to answer the following question: how could we extend the understanding of how linguistic choices are affected or complemented cognitively? I thus attempt to integrate the views introduced by SFL and Social Cognition by recognizing that the categories from the former, added to the principles of the latter, may lead researchers in linguistics - both theoretical and applied - to a broader field of comprehension which may have some impact on all ways of apprehending the social element. The study draws on categories proposed by SFL as well as the propositions of Social Cognition. I assume, therefore, that there are social, cultural, and cognitive reasons that, if integrated, impact discourse semantics in a manner that contributes positively to an effective communication. That is why a few elements from sociology - egological perspective, dialectic perspective of social reality, sociocultural memory - are used to explain aspects of the social construction of reality and to support the discussions undertaken, in addition to providing some input to answer the following questions: (1) what is the relationship between SFL and Social Cognition, and (2) what does this relationship imply for our analyses? These reflections point to the role of language in the construction of possible worlds on levels that permeate the situational and cultural contexts and indicate that social cognition is a condition for understanding the interrelationship between lexicogrammar and discourse semantics.",['Cláudio Márcio do Carmo'],Cláudio Márcio do Carmo,[],,uncategorized,2026-12-15,2026-05-05,https://doi.org/10.22363/2687-0088-48784,https://journals.rudn.ru/linguistics/article/viewFile/50065/26994,0,1642,"Title: Systemic functional linguistics and social cognition: A theoretical approach to the relationship between language, society and culture
Authors: Cláudio Márcio do Carmo
Published: 2026-12-15
Categories: 
Summary: In this article, I argue in favor of strengthening the relationship between Systemic Functional Linguistics (SFL) and Social Cognition in order to answer the following question: how could we extend the understanding of how linguistic choices are affected or complemented cognitively? I thus attempt to integrate the views introduced by SFL and Social Cognition by recognizing that the categories from the former, added to the principles of the latter, may lead researchers in linguistics - both theoretical and applied - to a broader field of comprehension which may have some impact on all ways of apprehending the social element. The study draws on categories proposed by SFL as well as the propositions of Social Cognition. I assume, therefore, that there are social, cultural, and cognitive reasons that, if integrated, impact discourse semantics in a manner that contributes positively to an effective communication. That is why a few elements from sociology - egological perspective, dialectic perspective of social reality, sociocultural memory - are used to explain aspects of the social construction of reality and to support the discussions undertaken, in addition to providing some input to answer the following questions: (1) what is the relationship between SFL and Social Cognition, and (2) what does this relationship imply for our analyses? These reflections point to the role of language in the construction of possible worlds on levels that permeate the situational and cultural contexts and indicate that social cognition is a condition for understanding the interrelationship between lexicogrammar and discourse semantics."
10.22363/2687-0088-48905,"Language, culture, cognition and communication: The paradigms of modern linguistic research","This special issue is devoted to the study of correlation between language, culture, cognition and communication. This topic was widely discussed at the VII International Firsova’s Readings at the RUDN University on October 23-25, 2025. The issue presents articles by conference participants, covering a wide range of topics. They demonstrate that in the modern, anthropocentric stage of linguistics, an interdisciplinary research paradigm is dominant. It enables scholars to transcend their disciplines, integrate research methods, share knowledge from different subject areas, and open up new research opportunities and perspectives. The focus of this kind of research is not the language system itself, but the individual who speaks the language, along with their emotions, feelings, relationships, and the worldview. The development of digital technologies and artificial intelligence provides a powerful impetus for interdisciplinary linguistic research. They offer researchers new opportunities but also raise important questions that require solutions. This introductory article outlines the paradigms of contemporary linguistic research and provides a brief overview of the articles presented in this issue.",['Tatiana V. Larina'],Tatiana V. Larina,[],,uncategorized,2026-12-15,2026-05-05,https://doi.org/10.22363/2687-0088-48905,https://journals.rudn.ru/linguistics/article/viewFile/50064/26993,0,1215,"Title: Language, culture, cognition and communication: The paradigms of modern linguistic research
Authors: Tatiana V. Larina
Published: 2026-12-15
Categories: 
Summary: This special issue is devoted to the study of correlation between language, culture, cognition and communication. This topic was widely discussed at the VII International Firsova’s Readings at the RUDN University on October 23-25, 2025. The issue presents articles by conference participants, covering a wide range of topics. They demonstrate that in the modern, anthropocentric stage of linguistics, an interdisciplinary research paradigm is dominant. It enables scholars to transcend their disciplines, integrate research methods, share knowledge from different subject areas, and open up new research opportunities and perspectives. The focus of this kind of research is not the language system itself, but the individual who speaks the language, along with their emotions, feelings, relationships, and the worldview. The development of digital technologies and artificial intelligence provides a powerful impetus for interdisciplinary linguistic research. They offer researchers new opportunities but also raise important questions that require solutions. This introductory article outlines the paradigms of contemporary linguistic research and provides a brief overview of the articles presented in this issue."
10.32687/0869-866x-2026-34-1-25-33,THE MODEL OF TELEMEDICINE CONTACT-CENTER,"The article presents results of comparative analysis of modern telemedicine technologies and organizational models of their implementation in health care system. On the basis of study of national and international experience, the rationale for perspective model of geriatric telemedicine contact center is presented. Its role and place in the structure of remote medical care support in the Russian Federation is determined. The article considers key directions application of areas of telemedicine: synchronous and asynchronous tele-consultation, remote methodological support, tele-training and tele-monitoring. The elderly patient usually has difficulty with moving on long distances. Therefore, special attention is paid to development of out-of-office and home tele-monitoring using wearable devices, expert systems, and soft hardware complexes permitting to automatize processes of diagnostic and correction and to apply remote interaction as well. The original model of geriatric telemedicine contact center includes front-office for primary reception and routing of requests, counseling module with involvement of accredited experts, methodological module for supporting various categories of users and monitoring module for dynamic control of indicators of life activity. The model is primarily directed toward elderly patients with limited mobility that is conditioned by high need of this category of citizens for accessible and continuous medical care. The economic efficiency of telemedicine solutions capable to decrease treatment costs, to reduce the number of hospitalizations and to unload hospital sector. In conclusion, expediency of organization of Federal profile center instead of multiple territorial divisions to optimize resources and to ensure uniform standards of remote geriatric care on national basis is substantiated.","['M. A. Yakushin', 'E. N. Kabaeva', 'A. V. Vorobeva']","M. A. Yakushin, E. N. Kabaeva, A. V. Vorobeva",[],,uncategorized,2026-12-15,2026-02-22,https://doi.org/10.32687/0869-866x-2026-34-1-25-33,https://journal-nriph.ru/journal/article/viewFile/2535/5429,0,1848,"Title: THE MODEL OF TELEMEDICINE CONTACT-CENTER
Authors: M. A. Yakushin, E. N. Kabaeva, A. V. Vorobeva
Published: 2026-12-15
Categories: 
Summary: The article presents results of comparative analysis of modern telemedicine technologies and organizational models of their implementation in health care system. On the basis of study of national and international experience, the rationale for perspective model of geriatric telemedicine contact center is presented. Its role and place in the structure of remote medical care support in the Russian Federation is determined. The article considers key directions application of areas of telemedicine: synchronous and asynchronous tele-consultation, remote methodological support, tele-training and tele-monitoring. The elderly patient usually has difficulty with moving on long distances. Therefore, special attention is paid to development of out-of-office and home tele-monitoring using wearable devices, expert systems, and soft hardware complexes permitting to automatize processes of diagnostic and correction and to apply remote interaction as well. The original model of geriatric telemedicine contact center includes front-office for primary reception and routing of requests, counseling module with involvement of accredited experts, methodological module for supporting various categories of users and monitoring module for dynamic control of indicators of life activity. The model is primarily directed toward elderly patients with limited mobility that is conditioned by high need of this category of citizens for accessible and continuous medical care. The economic efficiency of telemedicine solutions capable to decrease treatment costs, to reduce the number of hospitalizations and to unload hospital sector. In conclusion, expediency of organization of Federal profile center instead of multiple territorial divisions to optimize resources and to ensure uniform standards of remote geriatric care on national basis is substantiated."
10.32687/0869-866x-2026-34-2-285-290,THE FRACTAL CYBERNETIC ARCHITECTURE OF THE REGIONAL ANTI-NARCOTIC STRATEGY BASED ON MODEL ORIENTED SYSTEMIC ENGINEERING AS A TOOL OF INTERSECTORAL ADAPTIVE MANAGEMENT,"This article substantiates the choice of fractal cybernetic architecture of regional anti-narcotic strategy based on the principles of the model-oriented systemic engineering. It is established that the tools of both traditional management by objectives and KPI-oriented management have predominantly reactive and fragmented patterns that reduces their efficiency in conditions of high dynamic of narcotics market and interdepartmental dissociation. The methodological basis was composed by the W. R. Ashbys Law of requisite variety and the S. Beers model of viable system that permitted to interpret the anti-narcotic strategy as adaptive multi-level social medical system. As a result, the executable fractal cybernetic model-based systems engineering architecture was formed that incorporated goal-setting, structural, modeling, digital, and measurement loops and ensured goal traceability, coordination of interdepartmental processes and closing feedback loops. On the basis of materials from the Kabardino-Balkarian Republic, the feasibility of the architecture through the digital platform AURA-FORECAST, integration of interdepartmental data and support of management decisions in the cycle of monitoring and adjustment is demonstrated. The obtained results form the evidence-based basis of transition from reactive anti-narcotic policy to predictive and adaptive model of management in health care.","['A. V. Akhokhova', 'V. V. Lyutsko', 'M. K. Tkhagapsoeva', 'D. V. Zheligotova']","A. V. Akhokhova, V. V. Lyutsko, M. K. Tkhagapsoeva, D. V. Zheligotova",[],,uncategorized,2026-12-15,2026-04-23,https://doi.org/10.32687/0869-866x-2026-34-2-285-290,https://journal-nriph.ru/journal/article/viewFile/2610/5460,0,1406,"Title: THE FRACTAL CYBERNETIC ARCHITECTURE OF THE REGIONAL ANTI-NARCOTIC STRATEGY BASED ON MODEL ORIENTED SYSTEMIC ENGINEERING AS A TOOL OF INTERSECTORAL ADAPTIVE MANAGEMENT
Authors: A. V. Akhokhova, V. V. Lyutsko, M. K. Tkhagapsoeva, D. V. Zheligotova
Published: 2026-12-15
Categories: 
Summary: This article substantiates the choice of fractal cybernetic architecture of regional anti-narcotic strategy based on the principles of the model-oriented systemic engineering. It is established that the tools of both traditional management by objectives and KPI-oriented management have predominantly reactive and fragmented patterns that reduces their efficiency in conditions of high dynamic of narcotics market and interdepartmental dissociation. The methodological basis was composed by the W. R. Ashbys Law of requisite variety and the S. Beers model of viable system that permitted to interpret the anti-narcotic strategy as adaptive multi-level social medical system. As a result, the executable fractal cybernetic model-based systems engineering architecture was formed that incorporated goal-setting, structural, modeling, digital, and measurement loops and ensured goal traceability, coordination of interdepartmental processes and closing feedback loops. On the basis of materials from the Kabardino-Balkarian Republic, the feasibility of the architecture through the digital platform AURA-FORECAST, integration of interdepartmental data and support of management decisions in the cycle of monitoring and adjustment is demonstrated. The obtained results form the evidence-based basis of transition from reactive anti-narcotic policy to predictive and adaptive model of management in health care."
10.14414/jbb.v15i01.5538,Model Kebijakan Dividen pada Bank Pembangunan Daerah di Indonesia dengan Ukuran Perusahaan Sebagai Moderasi,"Dividend policy is an important corporate decision in determining the proportion of profits distributed to shareholders and reflects a company’s financial condition and performance. This study aims to analyze the effect of profitability, liquidity, and capital adequacy on dividend policy, with firm size as a moderating variable, in Regional Development Banks (BPD) in Indonesia during the 2020–2024 period. The research problem focuses on differences in dividend policies among BPDs and the financial factors influencing them. This study uses secondary data in the form of annual financial statements obtained from the official website of the Financial Services Authority (OJK). The sampling method employed was purposive sampling, resulting in a sample of 24 BPDs with a total of 120 observations. Data analysis techniques include descriptive statistical analysis, multiple linear regression, and Moderated Regression Analysis (MRA). The results indicate that profitability has a positive and significant effect on dividend policy, liquidity has a positive but insignificant effect, and capital adequacy has a negative and significant effect on dividend policy. Firm size is unable to moderate the effect of profitability and liquidity on dividend policy. The findings may serve as a consideration for BPD management in making dividend distribution decisions.","['Sindy Friska Alfiana', 'Linda Purnama Sari']","Sindy Friska Alfiana, Linda Purnama Sari",[],,uncategorized,2026-12-02,2026-03-25,https://doi.org/10.14414/jbb.v15i01.5538,https://journal.perbanas.ac.id/index.php/jbb/article/download/5538/1998,0,1362,"Title: Model Kebijakan Dividen pada Bank Pembangunan Daerah di Indonesia dengan Ukuran Perusahaan Sebagai Moderasi
Authors: Sindy Friska Alfiana, Linda Purnama Sari
Published: 2026-12-02
Categories: 
Summary: Dividend policy is an important corporate decision in determining the proportion of profits distributed to shareholders and reflects a company’s financial condition and performance. This study aims to analyze the effect of profitability, liquidity, and capital adequacy on dividend policy, with firm size as a moderating variable, in Regional Development Banks (BPD) in Indonesia during the 2020–2024 period. The research problem focuses on differences in dividend policies among BPDs and the financial factors influencing them. This study uses secondary data in the form of annual financial statements obtained from the official website of the Financial Services Authority (OJK). The sampling method employed was purposive sampling, resulting in a sample of 24 BPDs with a total of 120 observations. Data analysis techniques include descriptive statistical analysis, multiple linear regression, and Moderated Regression Analysis (MRA). The results indicate that profitability has a positive and significant effect on dividend policy, liquidity has a positive but insignificant effect, and capital adequacy has a negative and significant effect on dividend policy. Firm size is unable to moderate the effect of profitability and liquidity on dividend policy. The findings may serve as a consideration for BPD management in making dividend distribution decisions."
10.64592/cpssg.2026.2,Hybrid Model Process Design of Joint Operator-Robot Interaction within a Synergistic System,"The paper deals with the issues of increasing the efficiency of functioning of synergetic robotic systems by searching for waysto improve the simulationmodels underlying them (increasing the degree of completeness and adequacy). The architecture of a hybrid simulation model is proposed on the example of a basic complex modeа of functioningания of a collaborative process. The model is built according to the modular principle and combines discrete-event modules and real-time modules (dynamic modeling, etc.). The platform solution gives the model maximum flexibility when it is specialized for a specific technological process. The functionality of the model is aimed not only at modeling regular situations, but also allows you to forecast the impact of disturbing factors on the development of the situation and the quality of the joint production process of the operator and robot. The interface of the model allows you to include the operator in the planning process of tactical decisions, due to the possibility of organizing control actions on it by means of the effector system.","['M. Gorkavyy', 'Y. Ivanov', 'D. Grabar', 'D. Solovev']","M. Gorkavyy, Y. Ivanov, D. Grabar, D. Solovev",[],,uncategorized,2026-12-01,2025-09-25,https://doi.org/10.64592/cpssg.2026.2,https://en.scientificconf.uz/f/paper_3.pdf,0,1088,"Title: Hybrid Model Process Design of Joint Operator-Robot Interaction within a Synergistic System
Authors: M. Gorkavyy, Y. Ivanov, D. Grabar, D. Solovev
Published: 2026-12-01
Categories: 
Summary: The paper deals with the issues of increasing the efficiency of functioning of synergetic robotic systems by searching for waysto improve the simulationmodels underlying them (increasing the degree of completeness and adequacy). The architecture of a hybrid simulation model is proposed on the example of a basic complex modeа of functioningания of a collaborative process. The model is built according to the modular principle and combines discrete-event modules and real-time modules (dynamic modeling, etc.). The platform solution gives the model maximum flexibility when it is specialized for a specific technological process. The functionality of the model is aimed not only at modeling regular situations, but also allows you to forecast the impact of disturbing factors on the development of the situation and the quality of the joint production process of the operator and robot. The interface of the model allows you to include the operator in the planning process of tactical decisions, due to the possibility of organizing control actions on it by means of the effector system."
